id,artist,title,price,label,labelnum,quantity,pic,created_at,updated_at
1,AFRICAN MUSIC MACHINE,BLACK WATER GOLD,7,SOULP,3317,1,,,
2,AMON DUUL II,MADE IN GERMANY,10.5,ATCO,36119,1,,,
3,AMON DUUL II,MADE IN GERMANY (COLOR),11,ATCO,36119C,1,,,
4,AMON DUUL II,MADE IN GERMANY (180 GRAM),11.5,ATCO,36119H,1,,,
5,AMON DUUL II,HIJACK,10.5,ATCO,36108,1,,,
6,AMON DUUL II,HIJACK (COLOR),11,ATCO,36108C,1,,,
7,AMON DUUL II,HIJACK (180 GRAM),11.5,ATCO,36108H,1,,,
8,ARCHIE BELL & THE DRELLS,TIGHTEN UP,9,ATL,8181,1,,,
9,ARETHA FRANKLIN,ARETHA (JUMPIN' JACK FLASH),6,ARI,8442,1,,,
10,ASHA PUTHLI,ASHA PUTHLI,7,CBS,65804,1,,,
11,ASHA PUTHLI,ASHA PUTHLI (180 GRAM),7.5,CBS,65804H,1,,,
12,ASHA PUTHLI,SHE LOVES TO HEAR MUSIC,7,CBS,80978,1,,,
13,BABY HUEY,THE LIVING LEGEND - THE BABY HUEY STORY,10.5,CRTM,8007,1,,,
14,BABY HUEY,THE LIVING LEGEND - THE BABY HUEY STORY (COLOR),11.5,CRTM,8007C,1,,,
15,BABY HUEY,THE LIVING LEGEND - THE BABY HUEY STORY (180 GRAM),12.5,CRTM,8007H,1,,,
16,BABY HUEY,THE LIVING LEGEND - THE BABY HUEY STORY (180 GRAM COLOR),13.5,CRTM,8007HC,1,,,
17,BIG BILL BROONZY,DO THAT GUITAR RAG 1928 - 1935 (180 GRAM),10,YAZ,1035,1,,,
18,BIG BILL BROONZY,THE YOUNG BIG BILL BROONZY (180 GRAM),10,YAZ,1011,1,,,
19,BJORK (DBL HEAVY VINYL / CD / DVD),DECLARE INDEPENDENCE (4 MIXES),4,OLIND,1972,1,,,
20,BJORK (DBL HEAVY VINYL / CD / DVD),EARTH INTRUDERS (4 MIXES),4,OLIND,1973,1,,,
21,BJORK (DBL HEAVY VINYL / CD / DVD),INNOCENCE (4 MIXES),4,OLIND,4004,1,,,
22,BIG BILL BROONZY,THE YOUNG BIG BILL BROONZY (180 GRAM),10,YAZ,1011,1,,,
23,BLIND BOY FULLER (CRUMB COVER),TRUCKIN' MY BLUES AWAY (180 GRAM),10,YAZ,1060,1,,,
24,BLIND FAITH,ERIC CLAPTON/GINGER BAKER,10.9,POLY,75316,1,,,
25,BLIND WILLIE MCTELL,ATLANTA TWELVE STRING,10.5,ATL,7224,1,,,
26,BLIND WILLIE MCTELL,ATLANTA TWELVE STRING (COLOR),11.5,ATL,7224C,1,,,
27,BLIND WILLIE MCTELL,ATLANTA TWELVE STRING (180 GRAM),12.5,ATL,7224H,1,,,
28,BLIND WILLIE MCTELL,BLIND WILLIE MCTELL 1927 - 1935 (180 GRAM),10,YAZ,1037,1,,,
29,BLIND WILLIE MCTELL,PRAISE GOD I'M SATISFIED (180 GRAM),10,YAZ,1058,1,,,
30,BLIND WILLIE MCTELL,SWEETER AS THE YEARS GO BY (180 GRAM),10,YAZ,1078,1,,,
31,BLIND WILLIE MCTELL,THE EARLY YEARS 1927 - 1933 (180 GRAM),10,YAZ,1005,1,,,
32,BLOWFLY,AT THE MOVIES,6.5,WWLD,2024,1,,,
33,BLOWFLY,BLOWFLY'S DISCO,6.5,WWLD,2028,1,,,
34,BLOWFLY,BLOWFLY'S DISCO (180 GRAM),7.5,WWLD,2028H,1,,,
35,BLOWFLY,BLOWFLY'S DISCO PARTY,7,WWLD,2032,1,,,
36,BLOWFLY,BLOWFLY'S PARTY X-RATED,7,WWLD,2034,1,,,
37,BLOWFLY,BLOWFLY'S ZODIAC PARTY,6.5,WWLD,2031,1,,,
38,BLOWFLY,BUTTERFLY,6.5,WWLD,2025,1,,,
39,BLOWFLY,OLDIES BUT GOODIES,7,WWLD,2026,1,,,
40,BLOWFLY,ON TOUR,6.5,WWLD,2021,1,,,
41,BLOWFLY,ON T.V.,6.5,WWLD,2021,1,,,
42,BLOWFLY,PORNO FREAK,6.5,WWLD,2036,1,,,
43,BLOWFLY,"RAPPIN', DANCIN' AND LAUGHIN'",7,WWLD,2035,1,,,
44,BLOWFLY,THE WEIRD WORLD OF,7,WWLD,2020,1,,,
45,BLOWFLY,ZODIAC,6.5,WWLD,2023,1,,,
46,BO CARTER (CRUMB COVER),BANANA IN YOUR FRUIT BASKET - RED HOT BLUES 1931-1936,10,YAZ,1064,1,,,
47,BOB MARLEY & THE WAILERS,BABYLON BY BUS (2 LP'S 180 GRAM),15.9,TUFF,4727623H,1,,,
48,BOB MARLEY & THE WAILERS,BURNIN' (180 GRAM),11.9,TUFF,5360067H,1,,,
49,BOB MARLEY & THE WAILERS,KAYA (180 GRAM),12.5,TUFF,4727626H,1,,,
50,BOB MARLEY & THE WAILERS (180 GRAM),LEE SCRATCH PERRY MASTERS,7,GOLDE,3397,1,,,
51,BOB MARLEY & THE WAILERS (180 GRAM),LEE SCRATCH PERRY MASTERS (COLORED VINYL),7.5,GOLDE,3397C,1,,,
52,BOB MARLEY & THE WAILERS (180 GRAM),LEE SCRATCH PERRY MASTERS (180 GRAM VINYL),8,GOLDE,3397H,1,,,
53,BOB MARLEY & THE WAILERS,LIVE! (3 LP'S 180 GRAM),30.2,TUFF,10943,1,,,
54,BOB MARLEY & THE WAILERS,NATTY DREAD (180 GRAM),11.9,TUFF,530066,1,,,
55,BOB MARLEY & THE WAILERS,SURVIVAL (180 GRAM),10.9,TUFF,27627H,1,,,
56,BOB MARLEY & THE WAILERS,THE BIRTH OF A LEGEND (2 LP'S),10,CALLA,1240,1,,,
57,BOB MARLEY & THE WAILERS,THE BIRTH OF A LEGEND (COLORED VINYL - 2 LP'S),11,CALLA,1240C,1,,,
58,BOB MARLEY & THE WAILERS,THE BIRTH OF A LEGEND (180 GRAM - 2 LP'S),12,CALLA,1240H,1,,,
59,BOB MARLEY & THE WAILERS,THE COMPLETE ISLAND RECORDINGS (180 GRAM),125,TUFF,60251,1,,,
60,BOB MARLEY & THE WAILERS (180 GRAM),RASTAMAN VIBRATION,12.5,TUFF,27620,1,,,
61,BOB MARLEY & THE WAILERS,UPRISING (180 GRAM),13.9,TUFF,27628H,1,,,
62,BOHANNON,STOP & GO,7,DAKAR,76903,1,,,
63,BOHANNON,STOP & GO (180 GRAM),7.5,DAKAR,76903H,1,,,
64,BOSTON,THIRD STAGE (AMANDA),8,MCA,6188,1,,,
65,CAN,OUT OF REACH ,8,CLEOP,3043,1,,,
66,CAN,OUT OF REACH (180 GRAM),8.5,CLEOP,3043H,1,,,
67,CAN,CAN (180 GRAM),8,CLEOP,3016,1,,,
68,CAROLE KING,HER GREATEST HITS (180 GRAM VINYL),10.5,ODE,736419,1,,,
69,CARS,GREATEST HITS,10,ELEKT,60464,1,,,
70,CASEY BILL WELDON / KOKOMO ARNOLD (CRUMB),BOTTLENECK GUITAR TREND SETTERS OF THE 1930'S (180,10,YAZ,1049,1,,,
71,CHAMPION JACK DUPREE,BLUES FROM THE GUTTER,10.5,ATL,8019,1,,,
72,CHAMPION JACK DUPREE,BLUES FROM THE GUTTER (COLOR),11.5,ATL,8019C,1,,,
73,CHAMPION JACK DUPREE,BLUES FROM THE GUTTER (180 GRAM),12.5,ATL,8019H,1,,,
74,CHARLES MINGUS,MINGUS AH UM (180 GRAM VINYL),13,COLUM,8171,1,,,
75,CHARLEY PATTON,FOUNDER OF THE DELTA BLUES (180 GRAM - 2 LP'S),15,YAZ,1020,1,,,
76,CRASH CREW,CRASH CREW,7,SUH,9123,1,,,
77,CREAM (MONO),DISRAELI GEARS (180 GRAM),15.5,REACT,140,1,,,
78,CRIBS,"MEN'S NEEDS, WOMAN'S NEEDS, WHATEVER",10,WB,49959,1,,,
79,CURTIS MAYFIELD,BACK TO THE WORLD,10.5,CRTM,8015,1,,,
80,CURTIS MAYFIELD,BACK TO THE WORLD (COLOR),11.5,CRTM,8015C,1,,,
81,CURTIS MAYFIELD,BACK TO THE WORLD (180 GRAM),12.5,CRTM,8015H,1,,,
82,CURTIS MAYFIELD,CURTIS,10.5,CRTM,8005,1,,,
83,CURTIS MAYFIELD,ROOTS ,10.5,CRTM,8009,1,,,
84,CURTIS MAYFIELD,ROOTS (COLORED VINYL),11.5,CRTM,8009C,1,,,
85,CURTIS MAYFIELD,ROOTS (180 GRAM) ,12.5,CRTM,8009H,1,,,
86,CURTIS MAYFIELD,ROOTS (180 GRAM COLOR),13.5,CRTM,8009HC,1,,,
87,CYMANDE,CYMANDE,8,JANUS,3044,1,,,
88,CYMANDE,CYMANDE (COLOR),9,JANUS,3044C,1,,,
89,CYMANDE,CYMANDE (180 GRAM),9,JANUS,3044H,1,,,
90,CYMANDE,SECOND TIME AROUND,8,JANUS,3054,1,,,
91,CYMANDE,SECOND TIME AROUND (COLOR),9,JANUS,3054C,1,,,
92,D.R. HOOKER,THE TRUTH (180 GRAM),8,ONREC,1029,1,,,
93,DAVE BRUBECK,DAVE BRUBECK'S GREATEST HITS (180 GRAM),12.5,COLUM,9284,1,,,
94,DAVID LEE ROTH,SKYSCRAPER,6,WB,25671,1,,,
95,DELANEY & BONNIE & FRIENDS,ON TOUR WITH ERIC CLAPTON (HQ - 180 GRAM VINYL),9.5,ATL,33326,1,,,
96,DENNY LANE,WITH PAUL MCCARTNEY,8,PRESI,135,1,,,
97,DOLEMITE - SOUNDTRACK,RUDY RAY MOORE,6.5,GENE,2501,1,,,
98,DOLLAR BRAND (ABDULLAH IBRAHIM),THE JOURNEY (DON CHERRY),7.5,CHIRS,187,1,,,
99,DON BYRD - GIGI GRYCE,JAZZ LAB (180 GRAM),9,COLUM,998H,1,,,
100,DON HENLEY (EAGLES),I CAN'T STAND STILL (DIRTY LAUNDRY),6.5,EA,60048,1,,,
101,DONNA SUMMER,THE WANDERER,6,GEF,2000,1,,,
102,DR. JOHN,THE SUN MOON & HERBS (COLORED VINYL),11.5,ATCO,33362C,1,,,
103,DRAGONFORCE,ULTRA BEATDOWN,6,ROAD,179371,1,,,
104,DWEEZIL ZAPPA,MY GUITAR WANTS TO KILL YOUR MAMA,6,CRYS,1633,1,,,
105,ELECTRIC PRUNES,I HAD TOO MUCH TO DREAM LAST NIGHT,10.5,REPR,6248,1,,,
106,ELECTRIC PRUNES,I HAD TOO MUCH TO DREAM LAST NIGHT (COLOR),11.5,REPR,6248C,1,,,
107,ELECTRIC PRUNES,I HAD TOO MUCH TO DREAM LAST NIGHT (180 GRAM),12.5,REPR,6248H,1,,,
108,ELVIN JONES (FEAT. MCCOY TYNER),ILLUMINATON (180 GRAM PRESSING),11.5,IMPL,49,1,,,
109,ELVIS COSTELLO,ARMED FORCES (180 GRAM),12.9,UME,231920,1,,,
110,ELVIS COSTELLO AND THE ATTRACTIONS,GET HAPPY!! (2 LP'S ON 180 GRAM),12.9,UNIV,33110,1,,,
111,ELVIS COSTELLO,MY AIM IS TRUE (180 GRAM VINYL),12.9,RHI,74285,1,,,
112,ELVIS COSTELLO AND THE ATTRACTIONS,TRUST (180 GRAM),11.9,UNIV,33120,1,,,
113,ELVIS PRESLEY,ELVIS' GOLDEN RECORDS VOLUME 3 (180 GRAM),10,SMVNL,67464,1,,,
114,ELVIS PRESLEY,ELVIS' GOLD RECORDS VOLUME 4 (180 GRAM),10,SMVNL,67465,1,,,
115,ELVIS PRESLEY,ELVIS' GOLD RECORDS VOLUME 5 (180 GRAM),10,SMVNL,67466,1,,,
116,ELVIS PRESLEY,ELVIS PRESLEY,12,SMVNL,342,1,,,
117,ERIC CLAPTON (9 LP BOX SET 180 GRAM),THE STUDIO ALBUM COLLECTIOON 1970-1981,99,POLY,4750277,1,,,
118,EXPERIENCE UNLIMITED,FREE YOURSELF,7,BLFR,19757,1,,,
119,F.M.,QUEEN / BOB SEGER / TOM PETTY / EAGLES (2 LP'S),8,MCA,12000,1,,,
120,FAMILY,THE FAMILY (NOTHING COMPARES 2 U / SCREAMS OF PASS,8,PSP,25322,1,,,
121,FLEETWOOD MAC,RUMOURS,14.9,REPR,517786,1,,,
122,FRANK STOKES' DREAM,THE MEMPHIS BLUES 1927 - 1931 (180 GRAM),10,YAZ,1008,1,,,
123,FREDDIE KING,FREDDIE KING IS A BLUES MASTER,10.5,COTI,9004,1,,,
124,FURRY LEWIS,IN HIS PRIME 1927 - 1928 (180 GRAM),10,YAZ,1050,1,,,
125,GANG OF FOUR,ENTERTAINMENT (2 LP'S COLOR),10.9,LTEV,212C,1,,,
126,GENE VINCENT,SOUNDS LIKE GENE VINCENT,8,CAP,1207,1,,,
127,GRAHAM NASH,SONGS FOR BEGINNERS (2 180 GRAM LP'S),9,RHI,7204,1,,,
128,GRAM PARSONS,THE EARLY YEARS 1963 - 1965,7,SIERR,8702,1,,,
129,GRAM PARSONS,THE EARLY YEARS 1963 - 1965 (180 GRAM),8,SIERR,8702H,1,,,
130,GRANDMASTER FLASH & THE FURIOUS FIVE,THE MESSAGE,10.5,SUH,268,1,,,
131,GRANDMASTER FLASH & THE FURIOUS FIVE,THE MESSAGE (COLORED VINYL),11.5,SUH,268C,1,,,
132,GRANDMASTER FLASH & THE FURIOUS FIVE,THE MESSAGE (180 GRAM),12.5,SUH,268H,1,,,
133,GRANDMASTER FLASH & THE FURIOUS FIVE,THE MESSAGE (180 GRAM COLOR ),13.5,SUH,268HC,1,,,
134,HARMONICA BLUES (CRUMB COVER),GREAT HARMONICA PERFORMANCES OF THE 20'S AND 30'S,10,YAZ,1053,1,,,
135,HARRY PARTCH,DELUSION OF THE FURY (2 LP'S - 180 GRAM),15,COLUM,749311,1,,,
136,HARRY PARTCH,THE WORLD OF HARRY PARTCH (180 GRAM),9.5,COLUM,7207,1,,,
137,HARVEY AVERNE DOZEN,VIVA SOUL,10.5,ATL,8168,1,,,
138,HEAD SHOP,THE HEAD SHOP (180 GRAM VINYL),11.5,EPIC,510122,1,,,
139,HENRY THOMAS,COMPLETE RECORDED WORKS 1927 - 1929 - TEXAS WORRIED BLUES,10,YAZ,1080,1,,,
140,HERBIE HANCOCK,THRUST (180 GRAM PRESSING),13,COLUM,32965,1,,,
141,HERMAN KELLY & LIFE,PERCUSSION EXPLOSION,8,ELEC,225,1,,,
142,HOKUM BOYS (CRUMB COVER),YOU CAN'T GET ENOUGH OF THAT  STUFF (180 GRAM),10,YAZ,1051,1,,,
143,HOLLIES,EVOLUTION (180 GRAM),11.5,EPIC,26315,1,,,
144,HOLLIES,THE HOLLIES' GREATEST HITS (180 GRAM),11.5,EPIC,32061,1,,,
145,HONEY DRIPPERS (SEA OF LOVE),JIMMY PAGE / ROBERT PLANT / JEFF BECK,6,ATL,90220,1,,,
146,IGGY POP,IGGY & ZIGGY - CLEVELAND '77,7.5,CLEOP,3738,1,,,
147,IGGY POP,IGGY & ZIGGY - CLEVELAND '77 (COLOR),8,CLEOP,3738C,1,,,
148,IGGY POP,IGGY & ZIGGY - CLEVELAND '77 (180 GRAM),8.5,CLEOP,3738H,1,,,
149,IKE & TINA TURNER,RIVER DEEP MOUNTAIN HIGH,10.9,A&M,24308,1,,,
150,ISAAC HAYES,THE ISAAC HAYES MOVEMENT,6.5,ENTER,1010,1,,,
151,IT'S CHRISTMAS TIME AGAIN,ISAAC HAYES / JOHNNY TAYLOR / STAPLE SINGERS,6,STAX,8519,1,,,
152,JACO PASTORIUS,JACO PASTORIUS (180 GRAM),12,EPIC,33949,1,,,
153,JAMES CARR,A MAN NEEDS A WOMAN,8,GLWX,3002,1,,,
154,JAMES CARR,A MAN NEEDS A WOMAN (180 GRAM),8.5,GLWX,3002H,1,,,
155,JAMES CARR,YOU GOT MY MIND MESSED UP,8,GLWX,3001,1,,,
156,JAMES CARR,YOU GOT MY MIND MESSED UP (180 GRAM),8.5,GLWX,3001H,1,,,
157,JAMES HUNTER,THE HARD WAY (180 GRAM VINYL),6,HEARM,30851,1,,,
158,JAMES MASON,RHYTHM OF LIFE,8,CHRIS,189,1,,,
159,JET,SHINE ON (2 LP'S),8,ATL,74824,1,,,
160,JIMMY MCGRIFF,GROOVE GREASE,7,GRVM,503,1,,,
161,JIMMY MCGRIFF,GROOVE GREASE (180 GRAM),8,GRVM,503H,1,,,
162,JOE BYRD AND THE FIELD HIPPIES,AMERICAN METAPHYSICAL CIRCUS ,8.5,COLUM,7317,1,,,
163,JOE BYRD AND THE FIELD HIPPIES,AMERICAN METAPHYSICAL CIRCUS (180 GRAM),10.5,COLUM,7317H,1,,,
164,JOE WALSH,BUT SERIOUSLY FOLKS,6,EA,141,1,,,
165,JOHN CALE,VINTAGE VIOLENCE (180 GRAM PRESSING),12,COLUM,1037,1,,,
166,JOHN COLTRANE,COLTRANE JAZZ (180 GRAM),12.5,ATL,1354HQ,1,,,
167,JOHN COLTRANE,COLTRANE JAZZ (HQ - 180 GRAM VINYL),12.5,ATL,1354HQ,1,,,
168,JOHN FAHEY,OF RIVERS AND RELIGION (180 GRAM),9,WB,2089,1,,,
169,JOHN LENNON PLASTIC ONO BAND,LIVE PEACE WITH 1970 CALENDAR,15,APPL,3362,1,,,
170,JOHNNY BURNETTE,AND THE ROCK 'N ROLL TRIO (180 GRAM),10,CORAL,57080,1,,,
171,JUJU,A MESSAGE FROM MOZAMBIQUE,8,BLFR,19735,1,,,
172,KING CURTIS,PLAYS THE GREAT MEMPHIS HITS,10.5,ATCO,33211,1,,,
173,KING CURTIS,PLAYS THE GREAT MEMPHIS HITS (COLOR),11,ATCO,33211C,1,,,
174,KING CURTIS,PLAYS THE GREAT MEMPHIS HITS (180 GRAM),11.5,ATCO,33211H,1,,,
175,KING FLOYD,KING FLOYD (GROOVE ME),12.5,COTI,9047,1,,,
176,LARRY YOUNG,LAWRENCE OF NEWARK,6.5,PCPT,34,1,,,
177,LED ZEPPELIN,LED ZEPPELIN IV (180 GRAM),14.9,ATL,796577,1,,,
178,LEO'S SUNSHIP,WE NEED EACH OTHER,8,LYONS,1000,1,,,
179,LEROY CARR & SCRAPPER BLACKWELL,NAPTOWN BLUES 1929 - 1934 (180 GRAM),10,YAZ,1036,1,,,
180,LES MCANN,TALK TO THE PEOPLE,8,ATL,1619,1,,,
181,LIGHTNIN' ROD,HUSTLER'S CONVENTION,7,CELL,6107,1,,,
182,LIONEL RICHIE,"DANCING ON THE CEILING (SAY YOU, SAY ME)",6,MOT,6158,1,,,
183,LITTLE BEAVER,JOEY,8,CAT,1601,1,,,
184,LITTLE RICHARD,GREATEST HITS,11.9,SPLT,36016,1,,,
185,LONNIE SMITH,AFRO-DESIA,7,GRVM,3308,1,,,
186,LONNIE SMITH,AFRO-DESIA (180 GRAM),8,GRVM,3308H,1,,,
187,LOUDON WAINWRIGHT III,"ALBUM III ""DEAD SKUNK"" (180 GRAM)",7.5,COLUM,31462,1,,,
188,LOUDON WAINWRIGHT III,ATTEMPTED MUSTACHE (180 GRAM),7.5,COLUM,32710,1,,,
189,LOUDON WAINWRIGHT III,UNREQUITED (180 GRAM),7.5,COLUM,33369,1,,,
190,LOWRELL,LOWRELL,6.5,AVI,6070,1,,,
191,MAD LADS,IN ACTION,7,VOLT,414,1,,,
192,MANHATTANS,SWEET TALK,4,VAL,72946,1,,,
193,MARVIN GAYE (7 LP BOX SET 180 GRAM),1961-1965 VOLUMNE ONE,77.5,TMLA,5353645,1,,,
194,MARVIN GAYE (8 LP BOX SET ON 180 GRAM),1966-1970 VOLUME TWO,77.5,TMLA,5353504,1,,,
195,MAX ROACH,AWARD WINNING DRUMMER,7,TIME,70003,1,,,
196,MEMPHIS JUG BAND,MEMPHIS JUG BAND (2 180 GRAM LP'S),15,YAZ,1067,1,,,
197,MEN WITHOUT HATS,RHYTHM OF YOUTH (SAFETY DANCE),6,MCA,5436,1,,,
198,METERS,CABBAGE ALLEY,10.5,REPR,2076,1,,,
199,METERS,CABBAGE ALLEY (COLOR),11.5,REPR,2076C,1,,,
200,METERS,CABBAGE ALLEY (180 GRAM),12.5,REPR,2076H,1,,,
201,METERS,LOOK-KA PY PY,10.5,JOSIE,4011,1,,,
202,METERS,LOOK-KA PY PY (COLORED VINYL),11.5,JOSIE,4011C,1,,,
203,METERS,LOOK-KA PY PY (180),12.5,JOSIE,4011H,1,,,
204,METERS,STRUTTIN ,10.5,JOSIE,4012,1,,,
205,METERS,STRUTTIN (COLOR),11.5,JOSIE,4012C,1,,,
206,METERS,STRUTTIN (180 GRAM),12.5,JOSIE,4012H,1,,,
207,METERS,"THE METERS ""CISSY STRUT""",10.5,JOSIE,4010,1,,,
208,METERS,"THE METERS ""CISSY STRUT"" (COLOR)",11.5,JOSIE,4010C,1,,,
209,METERS,"THE METERS ""CISST STRUT"" (180 GRAM)",12.5,JOSIE,4010H,1,,,
210,MIGHTY TOM CATS,SOUL MAKOSSA,6.5,WINLE,121,1,,,
211,MILES DAVIS,MY FUNNY VALENTINE (180 GRAM),12.5,COLUM,9106,1,,,
212,MILES DAVIS,IN A SILENT WAY (180 GRAM),11.5,COLUM,9875,1,,,
213,MILES DAVIS,MILES SMILES (180 GRAM),12.5,COLUM,9401,1,,,
214,MILES DAVIS,MILES SMILES (COLOR 180 GRAM),15,COLUM,9401C,1,,,
215,MILES DAVIS,ON THE CORNER (180 GRAM),12.5,COLUM,31906,1,,,
216,MILES DAVIS,WATER BABIES (180 GRAM),11.5,COLUM,34396,1,,,
217,MINISTRY,"KE*A*H - PSALM 69 - ""JESUS BUILT MY HOTROD"" (180 GRAM)",10.5,RHI,76727,1,,,
218,MISSISSIPPI BLUES 1927 - 1941,SKIP JAMES / CHARLEY PATTON (180 GRAM),10,YAZ,1001,1,,,
219,MISSISSIPPI JOHN HURT,STACK O' LEE - THE VERY BEST OF,8,MASTE,3948,1,,,
220,MISSISSIPPI JOHN HURT,STACK O' LEE - THE VERY BEST OF (180 GRAM),8.5,MASTE,3948H,1,,,
221,MISSISSIPPI JOHN HURT,1928 SESSIONS,10,YAZ,1065,1,,,
222,MISSISSIPPI JOHN HURT,1928 SESSIONS (COLOR),10.5,YAZ,1065C,1,,,
223,MOODY BLUES,SUR LA MER,6,POLY,835756,1,,,
224,MOUNTAIN,THE BEST OF,10.5,COLUM,32079,1,,,
225,MULATU AND HIS ETHIOPIAN QUINTET,AFRO-LATIN SOUL,9,WORTH,1014,1,,,
226,MULATU AND HIS ETHIOPIAN QUINTET,AFRO-LATIN SOUL (COLOR),9.5,WORTH,1014C,1,,,
227,MULATU AND HIS ETHIOPIAN QUINTET,AFRO-LATIN SOUL (180 GRAM),9.5,WORTH,1014H,1,,,
228,MULATU & HIS ETHOPIAN QUINTET,"AFRO-LATIN SOUL, VOL. 2",9,WORTH,1015,1,,,
229,MULATU & HIS ETHOPIAN QUINTET,"AFRO-LATIN SOUL, VOL. 2 (COLOR)",9.5,WORTH,1015C,1,,,
230,MULATU & HIS ETHOPIAN QUINTET,"AFRO-LATIN SOUL, VOL. 2 (180 GRAM)",9.5,WORTH,1015H,1,,,
231,MULATU OF ETHIOPIA,MULATU OF ETHIOPIA,8.5,WORTH,1020,1,,,
232,MULATU OF ETHIOPIA,MULATU OF ETHIOPIA (180 GRAM),9,WORTH,1020H,1,,,
233,MUSIQ SOULCHILD,LUVANMUSIQ (2 LP'S),6,ATL,227516,1,,,
234,NINA SIMONE,EMERGENCY WARD (180 GRAM),8.5,RCA,4757,1,,,
235,ONENESS OF JUJU,AFRICAN RHYTHMS,8,BLFR,19751,1,,,
236,ONENESS OF JUJU,SPACE JUNGLE,8,BLFR,19754,1,,,
237,ORNETTE COLEMAN,THE MUSIC OF ORNETTE COLEMAN: SOMETHING ELSE,11.9,CTPR,7551,1,,,
238,OUT OF AFRICA,ORIGINAL SOUNDTRACK (180 GR. VIRGIN VINYL),6,MCA,11327,1,,,
239,PETER GABRIEL (180 GRAM),DEBUT SOLO ALBUM (INCLUDES DOWNLOAD CARD),15.9,CAR,414,1,,,
240,PETER GABRIEL,DEUTSCHES ALBUM (2 LP'S 180 GRAM),13.9,CHSM,4,1,,,
241,PETER GABRIEL,EIN DEUTSCHES ALBUM (2 LPS 180 GRAM),13.9,CHSM,3,1,,,
242,PETER GABRIEL (180 GRAM),SECOND SOLO ALBUM (INCLUDES DOWNLOAD CARD),14.9,CAR,415,1,,,
243,PETER GABRIEL (180 GRAM),SO (INCLUDES DOWNLOAD CARD),16.9,CAR,454,1,,,
244,PHAROAH SANDERS,LIVE___.WALTER BOOKER - JOHN HICKS - IDRIS MUHAMMAD,7,THRS,116,1,,,
245,PLEASE WARM MY WEINER (CRUMB COVER),OLD TIME HOKUM BLUES (180 GRAM),10,YAZ,1043,1,,,
246,PRESERVATION HALL JAZZ BAND,NEW ORLEANS (180 GRAM),13,COLUM,34549,1,,,
247,PRINCE,"MOST BEAUTIFUL GIRL IN THE WORLD (12"")",2.85,NPG,72514,1,,,
248,PROFESSOR LONGHAIR,NEW ORLEANS PIANO,10.5,ATL,7225,1,,,
249,PROFESSOR LONGHAIR,NEW ORLEANS PIANO (COLOR),11.5,ATL,7225C,1,,,
250,PROFESSOR LONGHAIR,NEW ORLEANS PIANO (180 GRAM),12.5,ATL,7225H,1,,,
251,RAHSAAN ROLAND KIRK,PREPARE THYSELF TO DEAL WITH A MIRACLE,10.5,ATL,1640,1,,,
252,RAMMSTEIN,XXI THE VINYL BOX SET (7LP'S),210,UNIV,2729662,1,,,
253,RAMONES,RAMONES,14.9,RHI,97667,1,,,
254,RAMONES,END OF THE CENTURY (180 GRAM),10.5,SIRE,6077,1,,,
255,RAMONES,END OF THE CENTURY (COLORED VINYL),11.5,SIRE,6077C,1,,,
256,RAMONES,LEAVE HOME (180 GRAM),10.5,SIRE,7528,1,,,
257,RAMONES,LEAVE HOME (COLORED VINYL),11.5,SIRE,7528C,1,,,
258,RAMONES,ROAD TO RUIN (180 GRAM),10.5,SIRE,6063,1,,,
259,RAMONES,ROAD TO RUIN (COLORED VINYL),11.5,SIRE,6063C,1,,,
260,RAY BARRETTO,ACID,8,FA,346,1,,,
261,RAY BARRETTO,CAN YOU FEEL IT,8,FA,19198,1,,,
262,RAY BARRETTO,EL RAY CRIOLLO,7,WSIDE,4052,1,,,
263,RAY BARRETTO,HARD HANDS,7,FA,362,1,,,
264,RAY BARRETTO,HARD HANDS (180 GRAM),8,FA,362H,1,,,
265,RAY BARRETTO,HEAD SOUNDS,7,FA ,388,1,,,
266,RAY BARRETTO,LA CUNA (TITO PUENTE / CHARLIE PALMIERI),6.5,CTI,9002,1,,,
267,RAY BARRETTO,THE MESSAGE,8,FA,403,1,,,
268,RAY BARRETTO,TOGETHER,7,FA,378,1,,,
269,RICHARD HELL AND THE VOIDOIDS,BLANK GENERATION,10.5,SIRE,6037,1,,,
270,RICHARD HELL AND THE VOIDOIDS,BLANK GENERATION (COLOR),11.5,SIRE,6037C,1,,,
271,RICHARD HELL AND THE VOIDOIDS,BLANK GENERATION (180 GRAM),12.5,SIRE,6037H,1,,,
272,RICK JAMES,STREET SONGS,10.9,MOT,16010,1,,,
273,RINGO STARR,STOP AND SMELL THE ROSES,6,BRDW,33246,1,,,
274,ROBERT JOHNSON,KING OF THE DELTA BLUES SINGERS VOL. 2 (180 GRAM),12.9,COLUM,30034H,1,,,
275,ROBERT JOHNSON,KING OF THE DELTA BLUES SINGERS (180 GRAM),12.9,COLUM,1654H,1,,,
276,ROBERT WILKINS,THE ORIGINAL ROLLING STONE (180 GRAM),10,YAZ,1077,1,,,
277,ROGER (ZAPP),THE MANY FACETS OF ROGER (180 GRAM),10.5,WB,3594,1,,,
278,ROMEO MUST DIE,THE ALBUM (AALIYAH / DMX / JOE / GINUWINE) 2 LP'S,5,SMVNL,160040,1,,,
279,RON ELLIOTT,THE CANDLESTICKMAKER (180 GRAM),7,WB,1833,1,,,
280,DOLEMITE - SOUNDTRACK,RUDY RAY MOORE,6.5,GENE,2501,1,,,
281,RUDY RAY MOORE,DOLEMITE FOR PRESIDENT,6.5,DOLEM,101,1,,,
282,RUDY RAY MOORE,DOLEMITE FOR PRESIDENT,7,GENE,2502,1,,,
283,RUDY RAY MOORE,EAT OUT MORE OFTEN,6.5,KENT,1,1,,,
284,RUDY RAY MOORE,THE COCKPIT - THE THIRD RUDY RAY MOORE ALBUM,7,KENT,6,1,,,
285,RUDY RAY MOORE,"THE SECOND RUDY RAY MOORE ALBUM ""THIS PUSSY BELONGS TO ME""",6.5,KENT,2,1,,,
286,RUDY RAY MOORE,THE TURNING POINT,6.5,GENE,2500,1,,,
287,RUDY RAY MOORE,THIS AIN'T NO WHITE CHRISTMAS,6.5,DOLEM,102,1,,,
288,SABU MARTINEZ,& HIS JAZZ-ESPAGNOLE,7,ALE,145,1,,,
289,SABU MARTINEZ,AFRO TEMPLE,7.5,EFG,7341,1,,,
290,SAINTE ANTHONY'S FYRE,SAINTE ANTHONY'S FYRE,8,ZONK,1,1,,,
291,SCRAPPER BLACKWELL,THE VIRTUOSO GUITAR OF (180 GRAM),10,YAZ,1019,1,,,
292,SEX PISTOLS,"SEX, ANARCHY & ROCK N' ROLL SWINDLE",7,ANARC,3553,1,,,
293,SEX PISTOLS,"SEX, ANARCHY & ROCK N' ROLL SWINDLE (180 GRAM)",8,ANARC,3553H,1,,,
294,SHANGRI-LAS,LEADER OF THE PACK,7,REDBI,101,1,,,
295,SHUGGIE OTIS,FREEDOM FLIGHT (180 GRAM),10.5,EPIC,743879,1,,,
296,SHUGGIE OTIS,HERE COMES SHUGGIE OTIS (180 GRAM),10.5,EPIC,743877,1,,,
297,SHUGGIE OTIS,INSPIRATION INFORMATION,10.5,EPIC,747285,1,,,
298,SKIP JAMES,DEVIL GOT MY WOMAN,7,ATARD,3666,1,,,
299,SKIP JAMES,THE COMPLETE 1931 SESSION (180 GRAM),10,YAZ,1072,1,,,
300,SON HOUSE,FATHER OF FOLK BLUES (180 GRAM),10.5,COLUM,9217,1,,,
301,SPIDERMAN 3 - ORIGINAL SOUNDTRACK (2 LP'S),LTD EDITION NUMBERED PICTURE DISCS SET 1 OF 4,8.5,RECOR,4958-1,1,,,
302,SPIDERMAN 3 - ORIGINAL SOUNDTRACK (2 LP'S),LTD EDITION NUMBERED PICTURE DISCS SET 2 OF 4,8.5,RECOR,49939-2,1,,,
303,SPIDERMAN 3 - ORIGINAL SOUNDTRACK (2 LP'S),LTD EDITION NUMBERED PICTURE DISCS SET 3 OF 4,8.5,RECOR,49939-3,1,,,
304,SPIDERMAN 3 - ORIGINAL SOUNDTRACK (2 LP'S),LTD EDITION NUMBERED PICTURE DISCS SET 4 OF 4,8.5,RECOR,49938-4,1,,,
305,STEPHEN STILLS,MANASSAS (2 180 GRAM LP'S),18,RHI,903,1,,,
306,STEVIE WONDER,IN SQUARE CIRCLE,6,MOT,6134,1,,,
307,SUN RA,OF MYTHIC WORLDS,8,PHJZ,1007,1,,,
308,SUN RA,LANQUIDITY,8,PHJZ,666,1,,,
309,SUN RA,LANQUIDITY (COLOR),9,PHJZ,666C,1,,,
310,SUNNY MURRAY'S UNTOUCHABLE FACTOR,APPLECORES,7.5,PHJZ,4,1,,,
311,SWEAT BAND (BOOTSY/MACEO/FRED WESLEY),SWEAT BAND,3,CBS,36857,1,,,
312,T.I. (BUSTA RHYMES / EMINEM / JAY-Z),VS T.I.P. (NELLY / WYCLEF),6,ATL,201468,1,,,
313,TERRY RILEY,A RAINBOW IN CURVED AIR (180 GRAM),10,COLUM,749408,1,,,
314,TERRY RILEY,IN C (180 GRAM),14,COULM,7178,1,,,
315,THE BAND (180 GRAM),THE CAPITOL ALBUMS 1968-77 (8 LP'S),77.5,CAP,71201H,1,,,
316,THELONIOUS MONK,IT'S MONK TIME (180 GRAM),12.9,COLUM,8984H,1,,,
317,THELONIOUS MONK,MONK. (180 GRAM),12.9,COLUM,9091,1,,,
318,THIN LIZZY,THUNDER AND LIGHTINING (180 GR) DOWNLOAD VOUCHER,17.3,VERT,54258,1,,,
319,TOM SCOTT,RURAL STILL LIFE (180 GRAM PRESSING),11.5,IMPL,9171,1,,,
320,TOM WAITS,ONE FROM THE HEART (180 GRAM),13.5,COLUM,746215,1,,,
321,TOM WAITS,SWORDFISHTROMBONES,13.6,ISL,24691,1,,,
322,TOMS,THE TOMS,7,BSHEE,1,1,,,
323,TOO $HORT,LIFE IS (180 GRAM VINYL),10.5,JIV,755997,1,,,
324,TWISTED SISTER,COME OUT AND PLAY,7,ATL,81275,1,,,
325,VIOLINAIRES,GROOVIN' WITH JESUS,8,CHCK,10067,1,,,
326,WELDON IRVINE,SINBAD,8,BMG,11795,1,,,
327,WELDON IRVINE,SPIRIT MAN,8,BMG,11796,1,,,
328,WENDELL HARRISON,AN EVENING WITH THE DEVIL,7,TRIBE,2212,1,,,
329,WILLIE COLON,COSA NUESTRA,8,FA,384,1,,,
330,WILLIE COLON,COSA MUESTRA (180 GRAM),8.75,FA,384H,1,,,
331,WILLIE COLON,EL JUICIO,7,FA,424,1,,,
332,WILLIE COLON,EL JUICIO (180 GRAM),8.5,FA,424H,1,,,
333,WILLIE COLON,EL MALO,8,FA,337,1,,,
334,WILLIE COLON,"THE GOOD, THE BAD, THE UGLY ",8,FA,484,1,,,
335,WILLIE COLON,"THE GOOD, THE BAD, THE UGLY (180 GRAM)",8.75,FA,484H,1,,,
336,WILLIE COLON,THE HUSTLER,7,FA,347,1,,,
337,WILLIE COLON,WILLIE,8,FA,464,1,,,
338,WILLIE COLON,WILLIE (180 GRAM),8.5,FA,464H,1,,,
339,WILLIE DIXON,I AM THE BLUES (180 GRAM),11.5,COLUM,9987,1,,,
340,WILLIE NELSON,PHASES AND STAGES,9.9,ATL,7291,1,,,
341,WILLIE NELSON,THE POET,4,ACCO,7236,1,,,
342,YOUNGBLOODS,"RIDE THE WIND ""GET TOGETHER"" (180 GRAM)",7,WB,2563,1,,,
343,YOUNG-HOLT UNLIMITED,SOULFUL STRUT,7,BRNS,754144,1,,,